Trial,Value,hidden_features,num_heads,dropout_rate,learning_rate,weight_decay
0,0.030162944458425045,160,6,0.4391121227048317,0.0017975171662165548,0.00087416017336258
1,0.018890550127252936,896,1,0.10425991976670862,0.001521396174251891,0.00020513884783969133
0,0.02862247242592275,896,4,0.24475156231010847,0.000692922333346363,0.0003598794079192074
1,0.02942863292992115,224,2,0.4971135828553674,0.0013833162953274722,0.000657414786938969
