Trial,Value,model_file
0,0.026762595400214195,mp_2020_10_09.dim30.keras.model
1,0.02931348979473114,mp_2020_10_09.dim200.keras.model
2,0.030674075707793236,mp_2020_10_09.dim200.keras.model
3,0.030064163729548454,mp_2020_10_09.dim30.keras.model
4,0.03085288032889366,mp_2020_10_09.dim30.keras.model
5,0.028482189401984215,mp_2020_10_09.dim250.keras.model
6,0.029697014018893242,mp_2020_10_09.dim250.keras.model
7,0.028561430051922798,mp_2020_10_09.dim200.model
8,0.02892894297838211,mp_2020_10_09.dim200.model
