Trial,Value,hidden_features,num_heads,dropout_rate,learning_rate,weight_decay,step_size,gamma,batch_size,activation_fn
0,0.5304266214370728,405,8,0.13640992607352495,0.008828116469547948,0.00019465199534760407,61,0.7986849738307212,288,relu
1,0.42452067136764526,158,6,0.41907223365446233,0.0024344649132792572,0.00013383155308798673,12,0.27098313538019864,160,relu
